codicePartecipazione,numeroRisposta,numeroDomanda,codiceQuiz
1,1,1,459
1,2,2,459
1,4,3,459
1,1,4,459
1,3,5,459
2,4,1,95
2,2,2,95
2,4,3,95
2,1,4,95
3,2,1,337
3,2,2,337
3,2,3,337
4,1,1,368
4,1,2,368
4,4,3,368
4,1,4,368
5,3,1,251
5,4,2,251
6,2,1,494
6,4,2,494
7,3,1,184
7,2,2,184
7,1,3,184
8,3,1,145
9,4,1,249
9,2,2,249
9,2,3,249
9,3,4,249
10,3,1,464
10,1,2,464
10,1,3,464
11,3,1,478
11,2,2,478
11,1,3,478
11,3,4,478
12,3,1,474
12,4,2,474
12,1,3,474
13,1,1,469
13,2,2,469
13,4,3,469
14,2,1,237
14,1,2,237
14,4,3,237
15,4,1,511
15,3,2,511
15,2,3,511
15,3,4,511
16,4,1,436
16,4,2,436
17,3,1,510
17,2,2,510
17,1,3,510
18,1,1,386
18,3,2,386
18,4,3,386
18,2,4,386
19,3,1,211
19,4,2,211
19,1,3,211
20,2,1,205
20,2,2,205
20,2,3,205
21,4,1,501
21,3,2,501
22,2,1,118
22,1,2,118
22,4,3,118
22,3,4,118
22,4,5,118
23,3,1,315
23,4,2,315
23,4,3,315
23,1,4,315
24,2,1,344
24,4,2,344
24,1,3,344
25,3,1,472
25,1,2,472
25,3,3,472
26,2,1,188
26,2,2,188
26,4,3,188
27,1,1,99
27,3,2,99
27,1,3,99
27,2,4,99
28,4,1,143
28,2,2,143
28,1,3,143
28,1,4,143
29,4,1,148
29,2,2,148
30,3,1,35
30,4,2,35
31,4,1,79
31,2,2,79
32,4,1,315
32,1,2,315
32,4,3,315
32,4,4,315
33,4,1,200
33,3,2,200
33,1,3,200
33,1,4,200
34,1,1,442
34,1,2,442
34,4,3,442
35,2,1,384
36,4,1,13
36,3,2,13
36,1,3,13
36,2,4,13
37,4,1,377
37,4,2,377
37,3,3,377
38,2,1,368
38,1,2,368
38,3,3,368
38,1,4,368
39,1,1,347
39,4,2,347
39,4,3,347
39,1,4,347
39,1,5,347
40,1,1,120
40,2,2,120
40,2,3,120
40,1,4,120
41,3,1,356
41,1,2,356
41,1,3,356
42,1,1,107
42,1,2,107
42,3,3,107
42,3,4,107
43,2,1,61
43,4,2,61
43,1,3,61
44,3,1,362
44,1,2,362
44,3,3,362
45,4,1,173
45,2,2,173
46,3,1,373
46,2,2,373
46,1,3,373
47,2,1,317
47,1,2,317
47,2,3,317
48,3,1,448
48,2,2,448
49,2,1,207
49,3,2,207
50,3,1,272
50,4,2,272
51,2,1,51
51,4,2,51
51,4,3,51
51,1,4,51
52,4,1,353
52,2,2,353
52,2,3,353
53,2,1,49
53,3,2,49
54,4,1,405
54,2,2,405
54,3,3,405
54,4,4,405
55,1,1,473
55,2,2,473
55,1,3,473
55,3,4,473
55,1,5,473
56,1,1,179
56,4,2,179
56,1,3,179
57,1,1,409
57,3,2,409
57,3,3,409
58,1,1,512
58,4,2,512
58,2,3,512
58,4,4,512
58,1,5,512
59,2,1,151
59,3,2,151
59,4,3,151
60,3,1,182
60,3,2,182
60,3,3,182
60,1,4,182
61,4,1,35
61,2,2,35
62,4,1,115
62,4,2,115
62,2,3,115
62,3,4,115
63,3,1,102
63,1,2,102
63,3,3,102
63,2,4,102
63,4,5,102
64,4,1,422
64,2,2,422
64,4,3,422
65,4,1,83
65,3,2,83
65,3,3,83
66,4,1,95
66,2,2,95
66,3,3,95
66,1,4,95
67,1,1,204
67,1,2,204
67,1,3,204
67,2,4,204
68,2,1,266
69,1,1,499
69,1,2,499
70,2,1,316
70,4,2,316
70,4,3,316
70,1,4,316
71,1,1,519
71,2,2,519
71,1,3,519
71,4,4,519
72,3,1,6
72,2,2,6
72,1,3,6
72,4,4,6
73,2,1,112
73,2,2,112
73,1,3,112
73,3,4,112
74,3,1,33
74,1,2,33
74,3,3,33
74,2,4,33
75,1,1,277
75,3,2,277
75,3,3,277
75,4,4,277
75,3,5,277
76,2,1,321
76,1,2,321
77,4,1,252
77,2,2,252
78,1,1,203
78,4,2,203
78,4,3,203
79,3,1,416
79,1,2,416
79,4,3,416
80,2,1,3
80,4,2,3
81,1,1,231
81,1,2,231
82,2,1,278
82,4,2,278
82,1,3,278
82,4,4,278
83,2,1,315
83,3,2,315
83,2,3,315
83,4,4,315
84,3,1,129
84,3,2,129
84,3,3,129
84,4,4,129
85,3,1,58
85,1,2,58
85,4,3,58
86,4,1,94
86,1,2,94
86,3,3,94
87,2,1,234
87,1,2,234
87,2,3,234
87,3,4,234
88,4,1,26
88,3,2,26
88,1,3,26
88,2,4,26
89,2,1,88
89,4,2,88
89,3,3,88
90,3,1,318
90,4,2,318
90,4,3,318
91,1,1,514
91,1,2,514
91,1,3,514
92,2,1,439
92,3,2,439
92,1,3,439
93,2,1,461
93,1,2,461
93,3,3,461
94,4,1,277
94,3,2,277
94,3,3,277
94,4,4,277
94,1,5,277
95,2,1,383
96,2,1,474
96,2,2,474
96,3,3,474
97,3,1,5
97,2,2,5
97,4,3,5
98,2,1,520
98,2,2,520
98,2,3,520
98,2,4,520
99,2,1,69
99,4,2,69
99,1,3,69
100,2,1,450
100,2,2,450
101,1,1,470
101,2,2,470
101,1,3,470
102,2,1,33
102,3,2,33
102,4,3,33
102,4,4,33
103,4,1,249
103,1,2,249
103,3,3,249
103,1,4,249
104,3,1,263
104,3,2,263
104,3,3,263
104,4,4,263
104,2,5,263
105,1,1,338
105,2,2,338
106,1,1,201
106,1,2,201
107,1,1,189
107,4,2,189
107,2,3,189
108,4,1,303
108,3,2,303
108,3,3,303
108,3,4,303
109,1,1,78
109,2,2,78
109,3,3,78
110,3,1,69
110,3,2,69
110,2,3,69
111,1,1,251
111,1,2,251
112,2,1,59
112,2,2,59
112,4,3,59
112,1,4,59
113,3,1,72
113,3,2,72
114,2,1,469
114,1,2,469
114,2,3,469
115,4,1,303
115,3,2,303
115,3,3,303
115,3,4,303
116,4,1,283
116,4,2,283
116,1,3,283
117,3,1,109
117,1,2,109
117,1,3,109
117,2,4,109
118,4,1,384
119,1,1,181
119,2,2,181
119,4,3,181
120,4,1,447
120,4,2,447
120,4,3,447
120,3,4,447
121,4,1,367
121,3,2,367
121,3,3,367
122,3,1,144
122,3,2,144
122,1,3,144
123,2,1,381
123,1,2,381
124,2,1,345
125,3,1,160
125,2,2,160
126,1,1,192
126,2,2,192
126,2,3,192
127,3,1,223
127,1,2,223
127,3,3,223
128,4,1,405
128,3,2,405
128,3,3,405
128,1,4,405
129,1,1,388
129,3,2,388
129,2,3,388
129,3,4,388
130,1,1,117
131,3,1,174
131,2,2,174
132,4,1,10
132,2,2,10
132,3,3,10
133,4,1,522
133,2,2,522
133,4,3,522
134,2,1,487
134,4,2,487
134,1,3,487
134,4,4,487
135,4,1,260
135,2,2,260
135,2,3,260
135,2,4,260
136,1,1,367
136,3,2,367
136,2,3,367
137,4,1,316
137,2,2,316
137,1,3,316
137,2,4,316
138,4,1,471
138,2,2,471
138,4,3,471
139,4,1,118
139,1,2,118
139,2,3,118
139,1,4,118
139,1,5,118
140,4,1,417
140,1,2,417
141,2,1,535
141,1,2,535
141,3,3,535
142,1,1,416
142,1,2,416
142,1,3,416
143,3,1,28
143,1,2,28
143,2,3,28
143,2,4,28
144,2,1,310
144,3,2,310
144,3,3,310
145,2,1,490
145,2,2,490
145,1,3,490
146,3,1,364
146,1,2,364
146,1,3,364
146,1,4,364
147,2,1,330
147,1,2,330
147,2,3,330
148,4,1,538
148,2,2,538
148,3,3,538
148,3,4,538
149,4,1,269
149,1,2,269
149,4,3,269
150,1,1,95
150,2,2,95
150,1,3,95
150,3,4,95
151,3,1,234
151,1,2,234
151,1,3,234
151,2,4,234
152,4,1,53
152,3,2,53
152,2,3,53
153,2,1,397
153,3,2,397
153,3,3,397
153,3,4,397
154,1,1,217
154,3,2,217
154,4,3,217
155,1,1,525
155,1,2,525
155,2,3,525
155,2,4,525
155,3,5,525
156,4,1,462
156,4,2,462
156,4,3,462
157,1,1,525
157,4,2,525
157,3,3,525
157,2,4,525
157,1,5,525
158,4,1,494
158,4,2,494
159,4,1,252
159,3,2,252
160,2,1,229
160,4,2,229
160,4,3,229
161,2,1,356
161,4,2,356
161,1,3,356
162,2,1,322
162,1,2,322
163,3,1,350
163,1,2,350
164,1,1,347
164,3,2,347
164,4,3,347
164,2,4,347
164,1,5,347
165,4,1,544
165,2,2,544
165,4,3,544
166,2,1,501
166,2,2,501
167,2,1,527
167,1,2,527
167,2,3,527
167,4,4,527
168,4,1,92
168,3,2,92
169,1,1,35
169,4,2,35
170,2,1,453
170,1,2,453
170,2,3,453
170,3,4,453
171,1,1,72
171,2,2,72
172,4,1,522
172,2,2,522
172,3,3,522
173,4,1,268
173,3,2,268
173,4,3,268
174,3,1,97
174,1,2,97
174,2,3,97
175,1,1,493
175,2,2,493
175,2,3,493
176,4,1,6
176,3,2,6
176,3,3,6
176,2,4,6
177,2,1,259
177,3,2,259
178,4,1,536
178,2,2,536
179,4,1,274
180,1,1,120
180,4,2,120
180,4,3,120
180,3,4,120
181,4,1,529
181,2,2,529
181,1,3,529
182,2,1,515
183,1,1,244
183,1,2,244
183,1,3,244
184,3,1,218
184,2,2,218
184,1,3,218
185,2,1,18
185,1,2,18
185,3,3,18
185,2,4,18
186,1,1,356
186,1,2,356
186,4,3,356
187,1,1,135
187,3,2,135
187,1,3,135
187,3,4,135
188,3,1,412
188,3,2,412
188,4,3,412
189,3,1,22
189,4,2,22
190,2,1,163
190,1,2,163
190,3,3,163
191,2,1,68
191,1,2,68
192,1,1,381
192,3,2,381
193,2,1,514
193,4,2,514
193,1,3,514
194,1,1,253
194,2,2,253
194,2,3,253
195,2,1,310
195,2,2,310
195,3,3,310
196,4,1,191
196,1,2,191
196,4,3,191
196,2,4,191
197,1,1,236
197,2,2,236
197,4,3,236
198,3,1,66
198,1,2,66
198,4,3,66
198,1,4,66
199,3,1,518
199,2,2,518
199,3,3,518
200,1,1,9
200,3,2,9
201,3,1,48
201,4,2,48
201,3,3,48
202,4,1,116
202,2,2,116
202,1,3,116
202,4,4,116
203,4,1,26
203,4,2,26
203,2,3,26
203,4,4,26
204,3,1,237
204,3,2,237
204,1,3,237
205,1,1,178
205,2,2,178
205,1,3,178
205,2,4,178
205,1,5,178
206,4,1,441
206,2,2,441
206,4,3,441
206,1,4,441
206,2,5,441
207,1,1,253
207,3,2,253
207,4,3,253
208,4,1,296
209,4,1,73
209,3,2,73
209,1,3,73
210,3,1,261
210,4,2,261
211,4,1,498
211,1,2,498
211,3,3,498
212,1,1,283
212,2,2,283
212,4,3,283
213,1,1,95
213,4,2,95
213,1,3,95
213,3,4,95
214,4,1,412
214,2,2,412
214,1,3,412
215,1,1,143
215,4,2,143
215,3,3,143
215,3,4,143
216,3,1,45
216,4,2,45
216,4,3,45
217,2,1,181
217,3,2,181
217,2,3,181
218,1,1,262
218,4,2,262
219,2,1,229
219,3,2,229
219,4,3,229
220,4,1,490
220,2,2,490
220,4,3,490
221,4,1,202
221,1,2,202
221,2,3,202
221,1,4,202
222,3,1,95
222,1,2,95
222,2,3,95
222,4,4,95
223,4,1,211
223,3,2,211
223,1,3,211
224,3,1,427
224,1,2,427
224,4,3,427
225,4,1,533
225,1,2,533
226,4,1,126
226,2,2,126
226,3,3,126
227,2,1,273
227,1,2,273
228,3,1,450
228,1,2,450
229,3,1,353
229,1,2,353
229,4,3,353
230,4,1,500
230,4,2,500
230,4,3,500
231,3,1,229
231,1,2,229
231,2,3,229
232,4,1,531
232,3,2,531
232,2,3,531
233,2,1,348
233,4,2,348
233,4,3,348
234,1,1,440
234,1,2,440
235,1,1,285
235,1,2,285
235,1,3,285
235,4,4,285
236,4,1,411
236,1,2,411
236,4,3,411
237,4,1,324
237,2,2,324
237,2,3,324
237,4,4,324
237,4,5,324
238,2,1,374
239,1,1,519
239,3,2,519
239,4,3,519
239,4,4,519
240,1,1,22
240,3,2,22
241,3,1,429
241,3,2,429
241,3,3,429
241,3,4,429
241,4,5,429
242,2,1,268
242,3,2,268
242,3,3,268
243,2,1,22
243,4,2,22
244,4,1,9
244,2,2,9
245,1,1,396
245,4,2,396
245,2,3,396
245,4,4,396
246,4,1,414
246,3,2,414
246,2,3,414
247,2,1,256
247,1,2,256
248,4,1,78
248,3,2,78
248,2,3,78
249,2,1,410
250,1,1,374
251,2,1,15
251,1,2,15
252,1,1,281
252,4,2,281
252,1,3,281
253,2,1,293
253,2,2,293
253,2,3,293
254,2,1,410
255,2,1,409
255,4,2,409
255,3,3,409
256,1,1,423
256,2,2,423
257,1,1,33
257,1,2,33
257,4,3,33
257,1,4,33
258,2,1,117
259,1,1,64
259,4,2,64
259,1,3,64
260,1,1,53
260,4,2,53
260,1,3,53
261,4,1,318
261,4,2,318
261,3,3,318
262,3,1,411
262,1,2,411
262,2,3,411
263,1,1,292
263,1,2,292
263,3,3,292
263,3,4,292
264,1,1,522
264,2,2,522
264,3,3,522
265,2,1,106
265,1,2,106
265,1,3,106
266,1,1,143
266,2,2,143
266,1,3,143
266,3,4,143
267,2,1,89
267,3,2,89
267,3,3,89
267,4,4,89
267,2,5,89
268,3,1,146
268,3,2,146
268,4,3,146
268,4,4,146
269,4,1,57
269,2,2,57
269,3,3,57
270,2,1,466
270,2,2,466
270,4,3,466
270,4,4,466
271,4,1,186
272,3,1,258
272,3,2,258
272,1,3,258
273,4,1,69
273,2,2,69
273,3,3,69
274,1,1,247
274,3,2,247
274,4,3,247
275,3,1,409
275,4,2,409
275,1,3,409
276,2,1,528
276,3,2,528
276,4,3,528
277,2,1,41
278,2,1,291
278,1,2,291
278,2,3,291
278,3,4,291
278,3,5,291
279,2,1,5
279,4,2,5
279,3,3,5
280,1,1,208
280,4,2,208
281,2,1,441
281,2,2,441
281,1,3,441
281,3,4,441
281,1,5,441
282,4,1,6
282,4,2,6
282,3,3,6
282,3,4,6
283,4,1,129
283,1,2,129
283,3,3,129
283,4,4,129
284,1,1,128
284,4,2,128
284,2,3,128
285,3,1,32
285,4,2,32
285,2,3,32
286,1,1,514
286,3,2,514
286,1,3,514
287,2,1,3
287,4,2,3
288,1,1,297
288,3,2,297
289,1,1,417
289,4,2,417
290,4,1,467
290,1,2,467
290,3,3,467
290,4,4,467
291,4,1,198
291,3,2,198
291,4,3,198
291,4,4,198
292,1,1,181
292,3,2,181
292,1,3,181
293,2,1,207
293,1,2,207
294,1,1,484
294,2,2,484
294,1,3,484
295,2,1,211
295,1,2,211
295,2,3,211
296,1,1,441
296,1,2,441
296,3,3,441
296,1,4,441
296,1,5,441
297,3,1,467
297,1,2,467
297,3,3,467
297,3,4,467
298,4,1,281
298,3,2,281
298,2,3,281
299,4,1,79
299,4,2,79
300,2,1,82
300,4,2,82
301,3,1,208
301,3,2,208
302,4,1,96
302,2,2,96
302,1,3,96
303,1,1,176
303,3,2,176
304,2,1,494
304,2,2,494
305,2,1,319
306,4,1,39
306,2,2,39
307,1,1,141
307,3,2,141
307,2,3,141
307,3,4,141
308,2,1,490
308,1,2,490
308,2,3,490
309,3,1,205
309,4,2,205
309,4,3,205
310,2,1,456
310,4,2,456
310,2,3,456
311,2,1,440
311,4,2,440
312,1,1,202
312,2,2,202
312,1,3,202
312,4,4,202
313,3,1,371
313,1,2,371
313,4,3,371
314,4,1,416
314,3,2,416
314,3,3,416
315,2,1,78
315,2,2,78
315,4,3,78
316,4,1,354
316,3,2,354
316,1,3,354
317,3,1,58
317,3,2,58
317,1,3,58
318,4,1,232
318,4,2,232
319,4,1,115
319,4,2,115
319,1,3,115
319,1,4,115
320,1,1,382
320,2,2,382
320,1,3,382
320,1,4,382
321,3,1,182
321,2,2,182
321,1,3,182
321,1,4,182
322,4,1,183
322,4,2,183
322,4,3,183
323,2,1,149
323,3,2,149
323,4,3,149
323,2,4,149
324,2,1,399
324,3,2,399
324,3,3,399
324,3,4,399
325,1,1,451
325,2,2,451
326,2,1,310
326,2,2,310
326,3,3,310
327,3,1,439
327,4,2,439
327,2,3,439
328,4,1,45
328,4,2,45
328,3,3,45
329,2,1,109
329,3,2,109
329,1,3,109
329,2,4,109
330,1,1,383
331,2,1,231
331,4,2,231
332,1,1,74
332,3,2,74
332,2,3,74
332,2,4,74
332,2,5,74
333,4,1,518
333,3,2,518
333,3,3,518
334,3,1,474
334,3,2,474
334,4,3,474
335,3,1,218
335,3,2,218
335,3,3,218
336,4,1,337
336,1,2,337
336,3,3,337
337,1,1,500
337,2,2,500
337,4,3,500
338,4,1,92
338,3,2,92
339,1,1,237
339,2,2,237
339,4,3,237
340,3,1,324
340,4,2,324
340,2,3,324
340,3,4,324
340,3,5,324
341,3,1,19
341,4,2,19
341,4,3,19
341,3,4,19
342,3,1,208
342,1,2,208
343,4,1,123
343,3,2,123
344,4,1,324
344,2,2,324
344,3,3,324
344,2,4,324
344,3,5,324
345,3,1,442
345,1,2,442
345,3,3,442
346,1,1,9
346,1,2,9
347,3,1,292
347,1,2,292
347,4,3,292
347,3,4,292
348,1,1,26
348,3,2,26
348,2,3,26
348,3,4,26
349,2,1,144
349,1,2,144
349,3,3,144
350,2,1,185
351,1,1,189
351,4,2,189
351,3,3,189
352,4,1,165
352,4,2,165
352,1,3,165
353,3,1,524
353,3,2,524
353,2,3,524
354,4,1,438
354,3,2,438
354,2,3,438
354,2,4,438
355,2,1,412
355,4,2,412
355,2,3,412
356,2,1,367
356,4,2,367
356,4,3,367
357,2,1,405
357,4,2,405
357,3,3,405
357,3,4,405
358,3,1,298
358,4,2,298
358,4,3,298
358,4,4,298
359,1,1,268
359,4,2,268
359,1,3,268
360,3,1,299
360,2,2,299
361,3,1,18
361,2,2,18
361,3,3,18
361,1,4,18
362,4,1,264
362,1,2,264
362,1,3,264
363,3,1,434
363,1,2,434
363,3,3,434
364,1,1,4
364,3,2,4
365,1,1,363
365,1,2,363
365,1,3,363
365,2,4,363
366,2,1,308
366,4,2,308
366,2,3,308
367,1,1,101
367,4,2,101
367,2,3,101
367,1,4,101
368,1,1,198
368,2,2,198
368,1,3,198
368,1,4,198
369,2,1,409
369,1,2,409
369,4,3,409
370,1,1,14
371,4,1,536
371,4,2,536
372,2,1,326
372,3,2,326
372,4,3,326
373,4,1,288
373,2,2,288
373,1,3,288
374,2,1,257
374,2,2,257
374,2,3,257
375,4,1,130
375,3,2,130
376,4,1,189
376,3,2,189
376,3,3,189
377,4,1,432
377,1,2,432
377,4,3,432
377,4,4,432
378,2,1,68
378,1,2,68
379,1,1,254
379,4,2,254
379,1,3,254
379,3,4,254
380,4,1,6
380,4,2,6
380,3,3,6
380,1,4,6
381,3,1,373
381,2,2,373
381,3,3,373
382,2,1,453
382,2,2,453
382,3,3,453
382,3,4,453
383,2,1,338
383,3,2,338
384,4,1,254
384,1,2,254
384,4,3,254
384,4,4,254
385,2,1,329
385,3,2,329
385,2,3,329
386,4,1,374
387,1,1,228
387,1,2,228
388,2,1,477
388,1,2,477
388,1,3,477
389,2,1,211
389,1,2,211
389,2,3,211
390,1,1,469
390,1,2,469
390,3,3,469
391,1,1,251
391,1,2,251
392,3,1,485
392,1,2,485
392,2,3,485
392,3,4,485
393,2,1,86
393,3,2,86
394,4,1,410
395,3,1,368
395,2,2,368
395,2,3,368
395,2,4,368
396,2,1,356
396,1,2,356
396,1,3,356
397,2,1,403
398,3,1,429
398,4,2,429
398,1,3,429
398,3,4,429
398,2,5,429
399,4,1,66
399,2,2,66
399,2,3,66
399,4,4,66
400,3,1,134
400,3,2,134
400,2,3,134
400,1,4,134
400,4,5,134
401,2,1,48
401,3,2,48
401,1,3,48
402,4,1,368
402,2,2,368
402,1,3,368
402,3,4,368
403,4,1,13
403,3,2,13
403,1,3,13
403,2,4,13
404,1,1,148
404,2,2,148
405,3,1,528
405,4,2,528
405,1,3,528
406,1,1,189
406,4,2,189
406,3,3,189
407,1,1,274
408,2,1,174
408,3,2,174
409,1,1,130
409,2,2,130
410,3,1,317
410,1,2,317
410,4,3,317
411,1,1,49
411,4,2,49
412,3,1,519
412,1,2,519
412,1,3,519
412,1,4,519
413,3,1,228
413,2,2,228
414,1,1,280
414,1,2,280
415,4,1,498
415,1,2,498
415,4,3,498
416,4,1,503
416,4,2,503
416,2,3,503
417,4,1,521
417,2,2,521
418,3,1,398
418,4,2,398
419,2,1,244
419,2,2,244
419,1,3,244
420,1,1,229
420,2,2,229
420,4,3,229
421,1,1,479
421,1,2,479
422,2,1,484
422,1,2,484
422,1,3,484
423,2,1,519
423,4,2,519
423,2,3,519
423,3,4,519
424,4,1,421
424,4,2,421
424,1,3,421
424,1,4,421
425,3,1,163
425,2,2,163
425,4,3,163
426,3,1,191
426,2,2,191
426,4,3,191
426,3,4,191
427,3,1,84
427,2,2,84
427,3,3,84
428,1,1,208
428,1,2,208
429,4,1,452
430,3,1,352
430,1,2,352
430,2,3,352
430,2,4,352
431,3,1,201
431,2,2,201
432,2,1,476
432,4,2,476
433,1,1,355
433,1,2,355
433,4,3,355
433,1,4,355
434,3,1,139
434,4,2,139
434,3,3,139
435,3,1,532
435,4,2,532
435,4,3,532
436,4,1,58
436,4,2,58
436,4,3,58
437,3,1,119
438,3,1,423
438,1,2,423
439,3,1,279
439,3,2,279
440,1,1,344
440,3,2,344
440,4,3,344
441,1,1,278
441,4,2,278
441,3,3,278
441,4,4,278
442,3,1,505
442,2,2,505
442,4,3,505
443,2,1,472
443,2,2,472
443,1,3,472
444,3,1,181
444,3,2,181
444,4,3,181
445,3,1,58
445,3,2,58
445,3,3,58
446,1,1,165
446,1,2,165
446,3,3,165
447,4,1,367
447,4,2,367
447,1,3,367
448,1,1,426
448,4,2,426
448,1,3,426
448,3,4,426
449,2,1,210
449,4,2,210
449,1,3,210
450,1,1,537
450,3,2,537
450,3,3,537
451,4,1,176
451,2,2,176
452,2,1,173
452,2,2,173
453,1,1,321
453,2,2,321
454,1,1,83
454,2,2,83
454,4,3,83
455,1,1,373
455,3,2,373
455,3,3,373
456,3,1,207
456,1,2,207
457,2,1,27
457,3,2,27
457,1,3,27
458,4,1,356
458,1,2,356
458,1,3,356
459,2,1,464
459,3,2,464
459,3,3,464
460,1,1,48
460,3,2,48
460,3,3,48
461,4,1,414
461,3,2,414
461,4,3,414
462,1,1,277
462,2,2,277
462,3,3,277
462,1,4,277
462,3,5,277
463,1,1,185
464,2,1,72
464,3,2,72
465,2,1,327
465,4,2,327
465,1,3,327
466,1,1,421
466,1,2,421
466,2,3,421
466,4,4,421
467,1,1,468
468,4,1,97
468,4,2,97
468,3,3,97
469,3,1,192
469,2,2,192
469,4,3,192
470,1,1,162
470,2,2,162
471,4,1,214
471,3,2,214
471,1,3,214
472,4,1,229
472,2,2,229
472,4,3,229
473,2,1,362
473,2,2,362
473,2,3,362
474,4,1,326
474,2,2,326
474,3,3,326
475,3,1,53
475,3,2,53
475,1,3,53
476,4,1,236
476,4,2,236
476,2,3,236
477,2,1,498
477,4,2,498
477,1,3,498
478,3,1,109
478,4,2,109
478,1,3,109
478,2,4,109
479,4,1,79
479,1,2,79
480,4,1,85
480,4,2,85
480,3,3,85
480,2,4,85
481,2,1,333
481,3,2,333
482,1,1,218
482,3,2,218
482,4,3,218
483,4,1,383
484,4,1,395
485,4,1,399
485,2,2,399
485,2,3,399
485,1,4,399
486,1,1,73
486,3,2,73
486,4,3,73
487,1,1,249
487,2,2,249
487,3,3,249
487,4,4,249
488,1,1,210
488,4,2,210
488,3,3,210
489,4,1,284
489,3,2,284
489,2,3,284
490,1,1,115
490,2,2,115
490,4,3,115
490,3,4,115
491,1,1,327
491,3,2,327
491,3,3,327
492,3,1,312
492,1,2,312
492,2,3,312
492,3,4,312
492,2,5,312
493,2,1,283
493,2,2,283
493,1,3,283
494,1,1,148
494,2,2,148
495,4,1,110
495,1,2,110
496,4,1,242
496,2,2,242
496,4,3,242
496,3,4,242
497,1,1,134
497,4,2,134
497,4,3,134
497,4,4,134
497,3,5,134
498,2,1,185
499,1,1,367
499,3,2,367
499,1,3,367
500,3,1,51
500,3,2,51
500,4,3,51
500,1,4,51
501,3,1,213
501,1,2,213
501,4,3,213
502,3,1,102
502,2,2,102
502,1,3,102
502,1,4,102
502,2,5,102
503,2,1,89
503,2,2,89
503,3,3,89
503,4,4,89
503,2,5,89
504,2,1,379
504,4,2,379
505,2,1,61
505,1,2,61
505,4,3,61
506,4,1,334
506,2,2,334
507,1,1,548
507,4,2,548
507,3,3,548
508,3,1,396
508,4,2,396
508,2,3,396
508,3,4,396
509,3,1,249
509,4,2,249
509,4,3,249
509,4,4,249
510,3,1,406
510,4,2,406
511,1,1,376
511,2,2,376
511,1,3,376
512,4,1,493
512,1,2,493
512,2,3,493
513,3,1,188
513,1,2,188
513,3,3,188
514,2,1,269
514,4,2,269
514,4,3,269
515,2,1,287
515,1,2,287
516,3,1,212
516,2,2,212
517,1,1,547
517,3,2,547
517,3,3,547
517,3,4,547
517,4,5,547
518,4,1,506
518,4,2,506
519,2,1,178
519,3,2,178
519,1,3,178
519,3,4,178
519,4,5,178
520,1,1,264
520,3,2,264
520,2,3,264
521,1,1,146
521,1,2,146
521,4,3,146
521,1,4,146
522,3,1,372
522,3,2,372
522,1,3,372
522,1,4,372
522,2,5,372
523,2,1,109
523,2,2,109
523,4,3,109
523,2,4,109
524,2,1,348
524,3,2,348
524,3,3,348
525,1,1,165
525,1,2,165
525,4,3,165
526,4,1,7
526,1,2,7
526,2,3,7
527,1,1,185
528,1,1,198
528,4,2,198
528,4,3,198
528,2,4,198
529,1,1,14
530,1,1,153
530,4,2,153
530,1,3,153
530,1,4,153
531,4,1,99
531,2,2,99
531,3,3,99
531,3,4,99
532,1,1,65
532,3,2,65
532,3,3,65
533,2,1,475
533,1,2,475
533,3,3,475
533,4,4,475
533,4,5,475
534,2,1,191
534,4,2,191
534,3,3,191
534,4,4,191
535,2,1,277
535,4,2,277
535,1,3,277
535,4,4,277
535,4,5,277
536,4,1,466
536,2,2,466
536,4,3,466
536,3,4,466
537,1,1,73
537,3,2,73
537,3,3,73
538,1,1,290
538,1,2,290
539,2,1,148
539,2,2,148
540,2,1,376
540,1,2,376
540,2,3,376
541,2,1,261
541,1,2,261
542,3,1,397
542,4,2,397
542,3,3,397
542,3,4,397
543,1,1,446
543,3,2,446
544,4,1,367
544,4,2,367
544,3,3,367
545,2,1,388
545,3,2,388
545,4,3,388
545,4,4,388
546,1,1,333
546,1,2,333
547,1,1,357
547,4,2,357
548,1,1,476
548,2,2,476
549,1,1,129
549,4,2,129
549,4,3,129
549,2,4,129
550,4,1,283
550,2,2,283
550,4,3,283
551,4,1,259
551,3,2,259
552,3,1,5
552,3,2,5
552,3,3,5
553,2,1,193
553,2,2,193
553,3,3,193
554,3,1,398
554,4,2,398
555,2,1,464
555,3,2,464
555,2,3,464
556,1,1,108
556,3,2,108
557,2,1,340
557,2,2,340
557,4,3,340
557,1,4,340
557,1,5,340
558,2,1,462
558,2,2,462
558,1,3,462
559,2,1,40
559,1,2,40
559,3,3,40
560,3,1,401
560,1,2,401
561,3,1,126
561,3,2,126
561,4,3,126
562,2,1,181
562,1,2,181
562,2,3,181
563,2,1,186
564,4,1,69
564,3,2,69
564,3,3,69
565,2,1,82
565,2,2,82
566,2,1,511
566,2,2,511
566,1,3,511
566,2,4,511
567,1,1,94
567,1,2,94
567,2,3,94
568,4,1,108
568,4,2,108
569,4,1,303
569,3,2,303
569,3,3,303
569,1,4,303
570,4,1,1
571,3,1,302
571,1,2,302
572,2,1,231
572,2,2,231
573,4,1,406
573,4,2,406
574,3,1,533
574,1,2,533
575,4,1,183
575,3,2,183
575,2,3,183
576,3,1,458
576,4,2,458
576,3,3,458
577,2,1,362
577,1,2,362
577,2,3,362
578,3,1,123
578,2,2,123
579,3,1,250
579,3,2,250
580,1,1,65
580,3,2,65
580,1,3,65
581,4,1,241
581,4,2,241
581,1,3,241
582,4,1,181
582,4,2,181
582,4,3,181
583,4,1,401
583,1,2,401
584,3,1,38
584,1,2,38
585,2,1,367
585,2,2,367
585,1,3,367
586,1,1,528
586,1,2,528
586,4,3,528
587,1,1,410
588,3,1,456
588,2,2,456
588,1,3,456
589,3,1,40
589,2,2,40
589,3,3,40
590,1,1,261
590,2,2,261
591,2,1,268
591,3,2,268
591,1,3,268
592,4,1,536
592,1,2,536
593,3,1,324
593,3,2,324
593,3,3,324
593,1,4,324
593,3,5,324
594,1,1,264
594,4,2,264
594,1,3,264
595,1,1,112
595,2,2,112
595,1,3,112
595,2,4,112
596,1,1,207
596,2,2,207
597,3,1,381
597,4,2,381
598,2,1,402
598,3,2,402
599,2,1,12
599,3,2,12
599,1,3,12
599,4,4,12
600,2,1,91
600,2,2,91
600,3,3,91
601,2,1,366
601,3,2,366
601,3,3,366
602,4,1,206
602,3,2,206
602,1,3,206
603,3,1,313
603,3,2,313
603,4,3,313
604,1,1,231
604,4,2,231
605,2,1,451
605,3,2,451
606,3,1,280
606,1,2,280
607,3,1,223
607,2,2,223
607,4,3,223
608,1,1,415
608,1,2,415
608,2,3,415
608,4,4,415
609,4,1,91
609,1,2,91
609,3,3,91
610,1,1,299
610,3,2,299
611,2,1,382
611,4,2,382
611,4,3,382
611,3,4,382
612,1,1,211
612,2,2,211
612,3,3,211
613,4,1,120
613,4,2,120
613,4,3,120
613,4,4,120
614,3,1,485
614,3,2,485
614,3,3,485
614,4,4,485
615,4,1,13
615,3,2,13
615,1,3,13
615,2,4,13
616,3,1,490
616,4,2,490
616,1,3,490
617,2,1,325
617,3,2,325
617,2,3,325
618,2,1,73
618,2,2,73
618,3,3,73
619,1,1,270
619,3,2,270
619,2,3,270
619,3,4,270
620,2,1,1
621,3,1,423
621,3,2,423
622,4,1,55
622,1,2,55
622,2,3,55
623,3,1,119
624,4,1,157
624,2,2,157
624,3,3,157
625,4,1,256
625,2,2,256
626,4,1,452
627,3,1,141
627,2,2,141
627,4,3,141
627,3,4,141
628,4,1,301
628,4,2,301
628,1,3,301
629,2,1,223
629,2,2,223
629,2,3,223
630,3,1,313
630,3,2,313
630,1,3,313
631,4,1,429
631,1,2,429
631,2,3,429
631,2,4,429
631,4,5,429
632,1,1,476
632,2,2,476
633,2,1,251
633,3,2,251
634,4,1,419
634,4,2,419
635,3,1,117
636,1,1,270
636,4,2,270
636,1,3,270
636,3,4,270
637,1,1,116
637,4,2,116
637,1,3,116
637,2,4,116
638,2,1,107
638,4,2,107
638,4,3,107
638,1,4,107
639,4,1,258
639,4,2,258
639,1,3,258
640,3,1,410
641,3,1,77
641,3,2,77
642,2,1,390
642,4,2,390
643,2,1,343
643,1,2,343
644,3,1,490
644,2,2,490
644,4,3,490
645,1,1,251
645,4,2,251
646,1,1,436
646,1,2,436
647,4,1,32
647,3,2,32
647,3,3,32
648,3,1,385
648,2,2,385
649,3,1,441
649,4,2,441
649,1,3,441
649,4,4,441
649,3,5,441
650,1,1,242
650,1,2,242
650,3,3,242
650,1,4,242
651,2,1,343
651,2,2,343
652,1,1,476
652,2,2,476
653,2,1,278
653,4,2,278
653,1,3,278
653,1,4,278
654,3,1,181
654,1,2,181
654,2,3,181
655,1,1,222
655,4,2,222
656,3,1,329
656,3,2,329
656,4,3,329
657,4,1,485
657,1,2,485
657,2,3,485
657,3,4,485
658,2,1,172
658,1,2,172
658,3,3,172
658,4,4,172
659,2,1,143
659,3,2,143
659,1,3,143
659,4,4,143
660,3,1,494
660,3,2,494
661,4,1,281
661,2,2,281
661,1,3,281
662,3,1,181
662,1,2,181
662,2,3,181
663,1,1,177
663,3,2,177
663,2,3,177
663,1,4,177
664,3,1,296
665,4,1,473
665,3,2,473
665,4,3,473
665,4,4,473
665,1,5,473
666,4,1,530
666,4,2,530
667,2,1,286
667,4,2,286
667,3,3,286
668,4,1,261
668,3,2,261
669,2,1,22
669,3,2,22
670,3,1,426
670,3,2,426
670,4,3,426
670,4,4,426
671,2,1,546
671,2,2,546
671,3,3,546
672,4,1,495
672,2,2,495
672,4,3,495
673,2,1,13
673,4,2,13
673,1,3,13
673,1,4,13
674,3,1,257
674,2,2,257
674,2,3,257
675,4,1,144
675,3,2,144
675,2,3,144
676,3,1,141
676,3,2,141
676,3,3,141
676,1,4,141
677,4,1,410
678,4,1,494
678,4,2,494
679,3,1,486
679,4,2,486
679,2,3,486
679,2,4,486
680,2,1,531
680,1,2,531
680,4,3,531
681,4,1,217
681,4,2,217
681,4,3,217
682,1,1,490
682,2,2,490
682,2,3,490
683,4,1,393
683,1,2,393
683,3,3,393
684,2,1,399
684,2,2,399
684,4,3,399
684,1,4,399
685,1,1,322
685,4,2,322
686,4,1,546
686,3,2,546
686,2,3,546
687,3,1,114
687,2,2,114
688,1,1,301
688,1,2,301
688,2,3,301
689,2,1,442
689,2,2,442
689,4,3,442
690,1,1,386
690,3,2,386
690,2,3,386
690,2,4,386
691,1,1,296
692,4,1,467
692,4,2,467
692,4,3,467
692,1,4,467
693,1,1,464
693,4,2,464
693,4,3,464
694,3,1,346
694,4,2,346
694,1,3,346
695,4,1,79
695,4,2,79
696,1,1,501
696,1,2,501
697,2,1,530
697,3,2,530
698,3,1,372
698,2,2,372
698,2,3,372
698,4,4,372
698,2,5,372
699,1,1,485
699,3,2,485
699,1,3,485
699,4,4,485
700,2,1,509
700,3,2,509
700,3,3,509
700,3,4,509
701,3,1,442
701,3,2,442
701,1,3,442
702,2,1,286
702,3,2,286
702,1,3,286
703,3,1,215
703,3,2,215
704,3,1,507
704,2,2,507
705,3,1,459
705,2,2,459
705,2,3,459
705,2,4,459
705,3,5,459
706,4,1,284
706,3,2,284
706,2,3,284
707,3,1,18
707,2,2,18
707,1,3,18
707,3,4,18
708,4,1,547
708,4,2,547
708,2,3,547
708,3,4,547
708,2,5,547
709,3,1,141
709,3,2,141
709,4,3,141
709,4,4,141
710,4,1,308
710,1,2,308
710,1,3,308
711,2,1,114
711,3,2,114
712,2,1,135
712,3,2,135
712,1,3,135
712,2,4,135
713,2,1,410
714,2,1,7
714,3,2,7
714,1,3,7
715,1,1,259
715,3,2,259
716,1,1,401
716,4,2,401
717,2,1,67
717,2,2,67
717,3,3,67
717,2,4,67
718,2,1,214
718,2,2,214
718,4,3,214
719,1,1,177
719,2,2,177
719,3,3,177
719,1,4,177
720,2,1,354
720,2,2,354
720,4,3,354
721,1,1,183
721,1,2,183
721,3,3,183
722,2,1,62
722,4,2,62
722,1,3,62
722,4,4,62
723,4,1,57
723,3,2,57
723,1,3,57
724,4,1,303
724,1,2,303
724,4,3,303
724,2,4,303
725,4,1,129
725,1,2,129
725,3,3,129
725,4,4,129
726,3,1,68
726,4,2,68
727,2,1,348
727,3,2,348
727,4,3,348
728,3,1,195
728,3,2,195
729,3,1,176
729,4,2,176
730,2,1,343
730,4,2,343
731,4,1,326
731,3,2,326
731,1,3,326
732,3,1,300
732,2,2,300
732,2,3,300
733,2,1,317
733,2,2,317
733,3,3,317
734,3,1,107
734,3,2,107
734,4,3,107
734,1,4,107
735,3,1,116
735,2,2,116
735,2,3,116
735,3,4,116
736,2,1,102
736,2,2,102
736,2,3,102
736,3,4,102
736,4,5,102
737,3,1,126
737,2,2,126
737,3,3,126
738,3,1,495
738,3,2,495
738,2,3,495
739,4,1,536
739,3,2,536
740,4,1,484
740,4,2,484
740,1,3,484
741,2,1,495
741,4,2,495
741,3,3,495
742,2,1,261
742,2,2,261
743,3,1,36
743,3,2,36
743,3,3,36
743,1,4,36
744,4,1,264
744,4,2,264
744,3,3,264
745,2,1,231
745,2,2,231
746,2,1,181
746,2,2,181
746,3,3,181
747,4,1,72
747,4,2,72
748,4,1,29
748,4,2,29
748,2,3,29
748,3,4,29
749,4,1,503
749,1,2,503
749,1,3,503
750,4,1,346
750,2,2,346
750,1,3,346
751,4,1,242
751,2,2,242
751,2,3,242
751,3,4,242
752,2,1,283
752,1,2,283
752,4,3,283
753,3,1,186
754,3,1,368
754,3,2,368
754,1,3,368
754,2,4,368
755,1,1,351
755,3,2,351
756,4,1,494
756,2,2,494
757,3,1,295
757,1,2,295
757,2,3,295
757,1,4,295
758,4,1,236
758,4,2,236
758,4,3,236
759,1,1,216
759,1,2,216
759,3,3,216
759,1,4,216
759,4,5,216
760,3,1,129
760,4,2,129
760,3,3,129
760,3,4,129
761,1,1,406
761,1,2,406
762,2,1,43
762,1,2,43
763,4,1,474
763,2,2,474
763,1,3,474
764,4,1,51
764,3,2,51
764,4,3,51
764,4,4,51
765,3,1,99
765,4,2,99
765,4,3,99
765,1,4,99
766,3,1,418
766,1,2,418
767,1,1,215
767,1,2,215
768,3,1,49
768,4,2,49
769,3,1,118
769,2,2,118
769,3,3,118
769,4,4,118
769,2,5,118
770,2,1,496
771,1,1,202
771,2,2,202
771,3,3,202
771,1,4,202
772,3,1,117
773,2,1,68
773,2,2,68
774,2,1,200
774,3,2,200
774,1,3,200
774,2,4,200
775,1,1,107
775,4,2,107
775,1,3,107
775,4,4,107
776,2,1,273
776,4,2,273
777,4,1,179
777,4,2,179
777,4,3,179
778,1,1,380
778,2,2,380
779,2,1,525
779,1,2,525
779,4,3,525
779,3,4,525
779,3,5,525
780,2,1,81
780,2,2,81
781,1,1,64
781,3,2,64
781,4,3,64
782,4,1,170
782,4,2,170
782,4,3,170
783,3,1,326
783,3,2,326
783,3,3,326
784,4,1,75
784,3,2,75
784,2,3,75
785,1,1,292
785,4,2,292
785,4,3,292
785,1,4,292
786,3,1,10
786,3,2,10
786,1,3,10
787,2,1,363
787,4,2,363
787,1,3,363
787,1,4,363
788,2,1,5
788,3,2,5
788,3,3,5
789,2,1,83
789,4,2,83
789,2,3,83
790,2,1,334
790,2,2,334
791,4,1,237
791,2,2,237
791,3,3,237
792,3,1,74
792,3,2,74
792,3,3,74
792,1,4,74
792,1,5,74
793,1,1,505
793,4,2,505
793,1,3,505
794,4,1,107
794,1,2,107
794,4,3,107
794,2,4,107
795,1,1,148
795,4,2,148
796,4,1,64
796,4,2,64
796,2,3,64
797,1,1,269
797,3,2,269
797,4,3,269
798,3,1,300
798,1,2,300
798,4,3,300
799,2,1,172
799,2,2,172
799,2,3,172
799,2,4,172
800,2,1,83
800,1,2,83
800,1,3,83
801,3,1,395
802,3,1,71
802,3,2,71
803,3,1,165
803,2,2,165
803,3,3,165
804,2,1,272
804,1,2,272
805,1,1,245
805,2,2,245
805,2,3,245
806,1,1,536
806,4,2,536
807,3,1,510
807,2,2,510
807,4,3,510
808,2,1,158
808,4,2,158
808,3,3,158
809,4,1,106
809,1,2,106
809,3,3,106
810,3,1,258
810,3,2,258
810,2,3,258
811,4,1,170
811,1,2,170
811,3,3,170
812,3,1,220
812,1,2,220
813,4,1,520
813,1,2,520
813,2,3,520
813,1,4,520
814,3,1,74
814,2,2,74
814,3,3,74
814,3,4,74
814,4,5,74
815,1,1,79
815,2,2,79
816,2,1,353
816,2,2,353
816,2,3,353
817,2,1,504
818,1,1,10
818,3,2,10
818,2,3,10
819,2,1,129
819,3,2,129
819,2,3,129
819,1,4,129
820,2,1,472
820,2,2,472
820,2,3,472
821,1,1,273
821,4,2,273
822,4,1,131
822,4,2,131
822,4,3,131
822,4,4,131
822,3,5,131
823,2,1,1
824,1,1,51
824,1,2,51
824,4,3,51
824,2,4,51
825,4,1,166
826,2,1,455
826,4,2,455
826,2,3,455
826,4,4,455
827,2,1,356
827,2,2,356
827,3,3,356
828,2,1,48
828,2,2,48
828,4,3,48
829,3,1,149
829,3,2,149
829,1,3,149
829,1,4,149
830,3,1,182
830,1,2,182
830,4,3,182
830,2,4,182
831,3,1,91
831,1,2,91
831,4,3,91
832,1,1,260
832,3,2,260
832,3,3,260
832,1,4,260
833,4,1,75
833,4,2,75
833,2,3,75
834,2,1,456
834,1,2,456
834,1,3,456
835,2,1,444
835,4,2,444
835,4,3,444
836,1,1,511
836,1,2,511
836,3,3,511
836,3,4,511
837,3,1,312
837,4,2,312
837,3,3,312
837,3,4,312
837,1,5,312
838,1,1,487
838,4,2,487
838,2,3,487
838,4,4,487
839,4,1,177
839,4,2,177
839,1,3,177
839,1,4,177
840,1,1,71
840,1,2,71
841,2,1,504
842,4,1,235
843,4,1,373
843,1,2,373
843,3,3,373
844,4,1,432
844,4,2,432
844,1,3,432
844,4,4,432
845,4,1,456
845,1,2,456
845,2,3,456
846,4,1,214
846,1,2,214
846,4,3,214
847,3,1,67
847,3,2,67
847,3,3,67
847,2,4,67
848,4,1,191
848,1,2,191
848,3,3,191
848,4,4,191
849,2,1,448
849,3,2,448
850,3,1,409
850,2,2,409
850,4,3,409
851,3,1,175
851,3,2,175
852,3,1,539
852,1,2,539
852,1,3,539
853,4,1,151
853,3,2,151
853,4,3,151
854,2,1,411
854,3,2,411
854,4,3,411
855,3,1,120
855,4,2,120
855,3,3,120
855,2,4,120
856,3,1,75
856,2,2,75
856,4,3,75
857,1,1,123
857,2,2,123
858,1,1,373
858,4,2,373
858,3,3,373
859,3,1,203
859,3,2,203
859,4,3,203
860,1,1,86
860,3,2,86
861,4,1,252
861,1,2,252
862,2,1,71
862,3,2,71
863,2,1,446
863,2,2,446
864,3,1,145
865,1,1,163
865,4,2,163
865,4,3,163
866,2,1,149
866,4,2,149
866,2,3,149
866,4,4,149
867,3,1,402
867,3,2,402
868,4,1,370
868,3,2,370
868,3,3,370
868,2,4,370
869,3,1,253
869,1,2,253
869,2,3,253
870,1,1,451
870,4,2,451
871,1,1,164
871,2,2,164
872,2,1,464
872,4,2,464
872,3,3,464
873,1,1,227
873,4,2,227
873,4,3,227
874,4,1,462
874,1,2,462
874,2,3,462
875,4,1,451
875,1,2,451
876,4,1,415
876,2,2,415
876,1,3,415
876,3,4,415
877,4,1,366
877,4,2,366
877,2,3,366
878,2,1,168
878,4,2,168
878,3,3,168
878,3,4,168
879,2,1,469
879,4,2,469
879,2,3,469
880,3,1,18
880,1,2,18
880,1,3,18
880,3,4,18
881,1,1,459
881,1,2,459
881,1,3,459
881,4,4,459
881,2,5,459
882,2,1,472
882,1,2,472
882,4,3,472
883,1,1,127
883,3,2,127
883,1,3,127
884,4,1,165
884,4,2,165
884,4,3,165
885,4,1,385
885,2,2,385
886,3,1,204
886,4,2,204
886,1,3,204
886,2,4,204
887,4,1,231
887,2,2,231
888,3,1,115
888,1,2,115
888,3,3,115
888,4,4,115
889,3,1,483
889,1,2,483
890,1,1,65
890,1,2,65
890,3,3,65
891,4,1,341
891,3,2,341
892,3,1,7
892,1,2,7
892,2,3,7
893,4,1,3
893,2,2,3
894,2,1,345
895,3,1,144
895,2,2,144
895,4,3,144
896,2,1,222
896,4,2,222
897,3,1,346
897,1,2,346
897,3,3,346
898,2,1,509
898,1,2,509
898,4,3,509
898,2,4,509
899,3,1,79
899,4,2,79
900,4,1,422
900,1,2,422
900,1,3,422
901,2,1,352
901,3,2,352
901,2,3,352
901,2,4,352
902,4,1,532
902,2,2,532
902,4,3,532
903,1,1,306
903,1,2,306
903,3,3,306
904,4,1,521
904,2,2,521
905,3,1,539
905,2,2,539
905,4,3,539
