nomeUtente,nome,cognome,eMail
marco_ferrari,Marco,Ferrari,marco.ferrari@email.it
sofia_russo,Sofia,Russo,sofia.russo@email.it
luca_esposito,Luca,Esposito,luca.esposito@email.it
giulia_bianchi,Giulia,Bianchi,giulia.bianchi@email.it
andrea_romano,Andrea,Romano,andrea.romano@email.it
chiara_colombo,Chiara,Colombo,chiara.colombo@email.it
matteo_ricci,Matteo,Ricci,matteo.ricci@email.it
valentina_marino,Valentina,Marino,valentina.marino@email.it
davide_greco,Davide,Greco,davide.greco@email.it
francesca_bruno,Francesca,Bruno,francesca.bruno@email.it
simone_gallo,Simone,Gallo,simone.gallo@email.it
elena_conti,Elena,Conti,elena.conti@email.it
fabio_mancini,Fabio,Mancini,fabio.mancini@email.it
laura_costa,Laura,Costa,laura.costa@email.it
nicola_giordano,Nicola,Giordano,nicola.giordano@email.it
sara_rizzo,Sara,Rizzo,sara.rizzo@email.it
roberto_lombardi,Roberto,Lombardi,roberto.lombardi@email.it
anna_moreno,Anna,Moreno,anna.moreno@email.it
emanuele_fontana,Emanuele,Fontana,emanuele.fontana@email.it
claudia_barbieri,Claudia,Barbieri,claudia.barbieri@email.it
tomaso_messina,Tomaso,Messina,tomaso.messina@email.it
paola_villa,Paola,Villa,paola.villa@email.it
giovanni_caruso,Giovanni,Caruso,giovanni.caruso@email.it
martina_ferri,Martina,Ferri,martina.ferri@email.it
alessio_pellegrini,Alessio,Pellegrini,alessio.pellegrini@email.it
ilaria_marini,Ilaria,Marini,ilaria.marini@email.it
stefano_fiore,Stefano,Fiore,stefano.fiore@email.it
monica_leone,Monica,Leone,monica.leone@email.it
carmine_serra,Carmine,Serra,carmine.serra@email.it
beatrice_coppola,Beatrice,Coppola,beatrice.coppola@email.it
debora_casini,Debora,Casini,debora.casini@email.it
marco_riva,Marco,Riva,marco.riva@email.it
carmine_rizzi,Carmine,Rizzi,carmine.rizzi@email.it
simone_fabbri,Simone,Fabbri,simone.fabbri@email.it
giada_lodi,Giada,Lodi,giada.lodi@email.it
stefano_salvi,Stefano,Salvi,stefano.salvi@email.it
davide_grassi,Davide,Grassi,davide.grassi@email.it
stefano_silvestri,Stefano,Silvestri,stefano.silvestri@email.it
emanuele_rega,Emanuele,Rega,emanuele.rega@email.it
serena_grassi,Serena,Grassi,serena.grassi@email.it
pietro_amato,Pietro,Amato,pietro.amato@email.it
jessica_lodi,Jessica,Lodi,jessica.lodi@email.it
paola_rizzi,Paola,Rizzi,paola.rizzi@email.it
ilaria_riva,Ilaria,Riva,ilaria.riva@email.it
giorgio_martinelli,Giorgio,Martinelli,giorgio.martinelli@email.it
diego_gentile,Diego,Gentile,diego.gentile@email.it
irene_salvi,Irene,Salvi,irene.salvi@email.it
elena_riva,Elena,Riva,elena.riva@email.it
riccardo_silvestri,Riccardo,Silvestri,riccardo.silvestri@email.it
diego_mele,Diego,Mele,diego.mele@email.it
giovanni_galli,Giovanni,Galli,giovanni.galli@email.it
anna_ferretti,Anna,Ferretti,anna.ferretti@email.it
laura_guerra,Laura,Guerra,laura.guerra@email.it
serena_quaranta,Serena,Quaranta,serena.quaranta@email.it
giorgio_longo,Giorgio,Longo,giorgio.longo@email.it
katia_de_luca,Katia,De Luca,katia.deluca@email.it
tomaso_poli,Tomaso,Poli,tomaso.poli@email.it
anna_vitale,Anna,Vitale,anna.vitale@email.it
pietro_pozzi,Pietro,Pozzi,pietro.pozzi@email.it
miriam_celli,Miriam,Celli,miriam.celli@email.it
roberta_sanna,Roberta,Sanna,roberta.sanna@email.it
jessica_biffi,Jessica,Biffi,jessica.biffi@email.it
davide_de_rosa,Davide,De Rosa,davide.derosa@email.it
ernesto_pozzi,Ernesto,Pozzi,ernesto.pozzi@email.it
stefano_de_rosa,Stefano,De Rosa,stefano.derosa@email.it
olga_ferretti,Olga,Ferretti,olga.ferretti@email.it
anna_riva,Anna,Riva,anna.riva@email.it
monica_celli,Monica,Celli,monica.celli@email.it
alberto_palma,Alberto,Palma,alberto.palma@email.it
laura_rinaldi,Laura,Rinaldi,laura.rinaldi@email.it
federica_pino,Federica,Pino,federica.pino@email.it
irene_sala,Irene,Sala,irene.sala@email.it
serena_caputo,Serena,Caputo,serena.caputo@email.it
tomaso_rosati,Tomaso,Rosati,tomaso.rosati@email.it
alberto_damico,Alberto,Damico,alberto.damico@email.it
anna_pino,Anna,Pino,anna.pino@email.it
debora_sorrentino,Debora,Sorrentino,debora.sorrentino@email.it
emanuele_donati,Emanuele,Donati,emanuele.donati@email.it
miriam_orlando,Miriam,Orlando,miriam.orlando@email.it
emanuele_ferrara,Emanuele,Ferrara,emanuele.ferrara@email.it
giorgio_fazio,Giorgio,Fazio,giorgio.fazio@email.it
claudia_pino,Claudia,Pino,claudia.pino@email.it
matteo_silvestri,Matteo,Silvestri,matteo.silvestri@email.it
roberta_fazio,Roberta,Fazio,roberta.fazio@email.it
lorenzo_parisi,Lorenzo,Parisi,lorenzo.parisi@email.it
claudia_de_luca,Claudia,De Luca,claudia.deluca@email.it
riccardo_quaranta,Riccardo,Quaranta,riccardo.quaranta@email.it
simone_rosati,Simone,Rosati,simone.rosati@email.it
lisa_sorrentino,Lisa,Sorrentino,lisa.sorrentino@email.it
tomaso_quaranta,Tomaso,Quaranta,tomaso.quaranta@email.it
lisa_salvi,Lisa,Salvi,lisa.salvi@email.it
maria_milani,Maria,Milani,maria.milani@email.it
sara_rizzi,Sara,Rizzi,sara.rizzi@email.it
simone_tozzi,Simone,Tozzi,simone.tozzi@email.it
alessia_galli,Alessia,Galli,alessia.galli@email.it
diego_cattaneo,Diego,Cattaneo,diego.cattaneo@email.it
olga_casini,Olga,Casini,olga.casini@email.it
riccardo_gentile,Riccardo,Gentile,riccardo.gentile@email.it
flavio_salvi,Flavio,Salvi,flavio.salvi@email.it
serena_biffi,Serena,Biffi,serena.biffi@email.it
anna_fusco,Anna,Fusco,anna.fusco@email.it
serena_damico,Serena,Damico,serena.damico@email.it
roberto_montagna,Roberto,Montagna,roberto.montagna@email.it
pietro_santoro,Pietro,Santoro,pietro.santoro@email.it
giada_casini,Giada,Casini,giada.casini@email.it
giada_napoli,Giada,Napoli,giada.napoli@email.it
diego_pino,Diego,Pino,diego.pino@email.it
ernesto_mele,Ernesto,Mele,ernesto.mele@email.it
francesco_pozzi,Francesco,Pozzi,francesco.pozzi@email.it
martina_gentile,Martina,Gentile,martina.gentile@email.it
monica_martinelli,Monica,Martinelli,monica.martinelli@email.it
katia_quaranta,Katia,Quaranta,katia.quaranta@email.it
alessio_alfano,Alessio,Alfano,alessio.alfano@email.it
alessio_fabbri,Alessio,Fabbri,alessio.fabbri@email.it
olga_monti,Olga,Monti,olga.monti@email.it
miriam_rega,Miriam,Rega,miriam.rega@email.it
serena_amato,Serena,Amato,serena.amato@email.it
riccardo_palma,Riccardo,Palma,riccardo.palma@email.it
diego_gentile2,Diego,Gentile,diego.gentile@email.it
tomaso_palermo,Tomaso,Palermo,tomaso.palermo@email.it
luca_donati,Luca,Donati,luca.donati@email.it
alessia_marchetti,Alessia,Marchetti,alessia.marchetti@email.it
francesco_celli,Francesco,Celli,francesco.celli@email.it
silvia_angeli,Silvia,Angeli,silvia.angeli@email.it
carmine_orlando,Carmine,Orlando,carmine.orlando@email.it
carmine_vitale,Carmine,Vitale,carmine.vitale@email.it
stefano_carbone,Stefano,Carbone,stefano.carbone@email.it
ivan_biffi,Ivan,Biffi,ivan.biffi@email.it
diego_napoli,Diego,Napoli,diego.napoli@email.it
ernesto_conte,Ernesto,Conte,ernesto.conte@email.it
simone_de_marco,Simone,De Marco,simone.demarco@email.it
pietro_caputo,Pietro,Caputo,pietro.caputo@email.it
sofia_palermo,Sofia,Palermo,sofia.palermo@email.it
olga_salvi,Olga,Salvi,olga.salvi@email.it
lorenzo_lodi,Lorenzo,Lodi,lorenzo.lodi@email.it
diego_amato,Diego,Amato,diego.amato@email.it
jessica_angeli,Jessica,Angeli,jessica.angeli@email.it
claudia_palma,Claudia,Palma,claudia.palma@email.it
ilaria_rinaldo,Ilaria,Rinaldo,ilaria.rinaldo@email.it
ilaria_poli,Ilaria,Poli,ilaria.poli@email.it
carmine_rizzi2,Carmine,Rizzi,carmine.rizzi@email.it
matteo_mele,Matteo,Mele,matteo.mele@email.it
marco_bruni,Marco,Bruni,marco.bruni@email.it
emanuele_rizzi,Emanuele,Rizzi,emanuele.rizzi@email.it
luca_sala,Luca,Sala,luca.sala@email.it
jessica_orlando,Jessica,Orlando,jessica.orlando@email.it
emanuele_biffi,Emanuele,Biffi,emanuele.biffi@email.it
davide_guida,Davide,Guida,davide.guida@email.it
matteo_tozzi,Matteo,Tozzi,matteo.tozzi@email.it
carmine_riva,Carmine,Riva,carmine.riva@email.it
federica_carbone,Federica,Carbone,federica.carbone@email.it
lorenzo_lodi2,Lorenzo,Lodi,lorenzo.lodi@email.it
simone_de_marco2,Simone,De Marco,simone.demarco@email.it
carmine_de_marco,Carmine,De Marco,carmine.demarco@email.it
giorgio_pisano,Giorgio,Pisano,giorgio.pisano@email.it
fabio_ferretti,Fabio,Ferretti,fabio.ferretti@email.it
giovanni_colombi,Giovanni,Colombi,giovanni.colombi@email.it
laura_salvi,Laura,Salvi,laura.salvi@email.it
paola_damico,Paola,Damico,paola.damico@email.it
olga_cattaneo,Olga,Cattaneo,olga.cattaneo@email.it
giada_ferretti,Giada,Ferretti,giada.ferretti@email.it
andrea_milani,Andrea,Milani,andrea.milani@email.it
katia_mele,Katia,Mele,katia.mele@email.it
giorgio_fabbri,Giorgio,Fabbri,giorgio.fabbri@email.it
carmine_sanna,Carmine,Sanna,carmine.sanna@email.it
fabio_napoli,Fabio,Napoli,fabio.napoli@email.it
ilaria_bassi,Ilaria,Bassi,ilaria.bassi@email.it
martina_moro,Martina,Moro,martina.moro@email.it
giulia_damico,Giulia,Damico,giulia.damico@email.it
carmine_sala,Carmine,Sala,carmine.sala@email.it
ilaria_bruni,Ilaria,Bruni,ilaria.bruni@email.it
giovanni_cattaneo,Giovanni,Cattaneo,giovanni.cattaneo@email.it
elisa_lodi,Elisa,Lodi,elisa.lodi@email.it
miriam_santoro,Miriam,Santoro,miriam.santoro@email.it
stefano_perna,Stefano,Perna,stefano.perna@email.it
alberto_pisano,Alberto,Pisano,alberto.pisano@email.it
alessia_deluca,Alessia,Deluca,alessia.deluca@email.it
lorenzo_milani,Lorenzo,Milani,lorenzo.milani@email.it
andrea_caputo,Andrea,Caputo,andrea.caputo@email.it
anna_martinelli,Anna,Martinelli,anna.martinelli@email.it
anna_quaranta,Anna,Quaranta,anna.quaranta@email.it
flavio_de_luca,Flavio,De Luca,flavio.deluca@email.it
chiara_salvi,Chiara,Salvi,chiara.salvi@email.it
irene_sorrentino,Irene,Sorrentino,irene.sorrentino@email.it
federica_carbone2,Federica,Carbone,federica.carbone@email.it
riccardo_sanna,Riccardo,Sanna,riccardo.sanna@email.it
chiara_silvestri,Chiara,Silvestri,chiara.silvestri@email.it
andrea_lodi,Andrea,Lodi,andrea.lodi@email.it
andrea_fazio,Andrea,Fazio,andrea.fazio@email.it
andrea_cattaneo,Andrea,Cattaneo,andrea.cattaneo@email.it
maria_deluca,Maria,Deluca,maria.deluca@email.it
alessio_palermo,Alessio,Palermo,alessio.palermo@email.it
alberto_orlando,Alberto,Orlando,alberto.orlando@email.it
alessio_vitale,Alessio,Vitale,alessio.vitale@email.it
noemi_moro,Noemi,Moro,noemi.moro@email.it
matteo_biffi,Matteo,Biffi,matteo.biffi@email.it
giada_perna,Giada,Perna,giada.perna@email.it
claudia_poli,Claudia,Poli,claudia.poli@email.it
silvia_rosati,Silvia,Rosati,silvia.rosati@email.it
maria_longo,Maria,Longo,maria.longo@email.it
cinzia_vitale,Cinzia,Vitale,cinzia.vitale@email.it
paola_rinaldo,Paola,Rinaldo,paola.rinaldo@email.it
francesca_quaranta,Francesca,Quaranta,francesca.quaranta@email.it
lorenzo_fazio,Lorenzo,Fazio,lorenzo.fazio@email.it
carmine_quaranta,Carmine,Quaranta,carmine.quaranta@email.it
claudia_conte,Claudia,Conte,claudia.conte@email.it
federica_monti,Federica,Monti,federica.monti@email.it
monica_fazio,Monica,Fazio,monica.fazio@email.it
diego_sala,Diego,Sala,diego.sala@email.it
luca_de_luca,Luca,De Luca,luca.deluca@email.it
cinzia_ferretti,Cinzia,Ferretti,cinzia.ferretti@email.it
matteo_napoli,Matteo,Napoli,matteo.napoli@email.it
lorenzo_rega,Lorenzo,Rega,lorenzo.rega@email.it
sofia_conte,Sofia,Conte,sofia.conte@email.it
laura_biffi,Laura,Biffi,laura.biffi@email.it
silvia_rosati2,Silvia,Rosati,silvia.rosati@email.it
sara_corti,Sara,Corti,sara.corti@email.it
alberto_benedetti,Alberto,Benedetti,alberto.benedetti@email.it
miriam_lodi,Miriam,Lodi,miriam.lodi@email.it
jessica_monti,Jessica,Monti,jessica.monti@email.it
cinzia_palermo,Cinzia,Palermo,cinzia.palermo@email.it
luca_bruni,Luca,Bruni,luca.bruni@email.it
valentina_fabbri,Valentina,Fabbri,valentina.fabbri@email.it
silvia_bassi,Silvia,Bassi,silvia.bassi@email.it
sofia_casini,Sofia,Casini,sofia.casini@email.it
silvia_fabbri,Silvia,Fabbri,silvia.fabbri@email.it
lisa_bruni,Lisa,Bruni,lisa.bruni@email.it
riccardo_pino,Riccardo,Pino,riccardo.pino@email.it
chiara_rinaldi,Chiara,Rinaldi,chiara.rinaldi@email.it
jessica_mele,Jessica,Mele,jessica.mele@email.it
lorenzo_quaranta,Lorenzo,Quaranta,lorenzo.quaranta@email.it
alessio_carbone,Alessio,Carbone,alessio.carbone@email.it
sofia_cattaneo,Sofia,Cattaneo,sofia.cattaneo@email.it
stefano_salvi2,Stefano,Salvi,stefano.salvi@email.it
miriam_riva,Miriam,Riva,miriam.riva@email.it
davide_martinelli,Davide,Martinelli,davide.martinelli@email.it
elena_conte,Elena,Conte,elena.conte@email.it
debora_quaranta,Debora,Quaranta,debora.quaranta@email.it
alberto_benedetti2,Alberto,Benedetti,alberto.benedetti@email.it
pietro_salvi,Pietro,Salvi,pietro.salvi@email.it
pietro_santoro2,Pietro,Santoro,pietro.santoro@email.it
francesco_sala,Francesco,Sala,francesco.sala@email.it
silvia_negri,Silvia,Negri,silvia.negri@email.it
tomaso_ferrara,Tomaso,Ferrara,tomaso.ferrara@email.it
miriam_palma,Miriam,Palma,miriam.palma@email.it
maria_bruni,Maria,Bruni,maria.bruni@email.it
riccardo_colombi,Riccardo,Colombi,riccardo.colombi@email.it
simone_longo,Simone,Longo,simone.longo@email.it
valentina_celli,Valentina,Celli,valentina.celli@email.it
flavio_longo,Flavio,Longo,flavio.longo@email.it
laura_rinaldi2,Laura,Rinaldi,laura.rinaldi@email.it
giada_rosati,Giada,Rosati,giada.rosati@email.it
federica_fabbri,Federica,Fabbri,federica.fabbri@email.it
laura_sorrentino,Laura,Sorrentino,laura.sorrentino@email.it
silvia_pisano,Silvia,Pisano,silvia.pisano@email.it
cinzia_negri,Cinzia,Negri,cinzia.negri@email.it
carmine_gentile,Carmine,Gentile,carmine.gentile@email.it
giorgio_alfano,Giorgio,Alfano,giorgio.alfano@email.it
silvia_pisano2,Silvia,Pisano,silvia.pisano@email.it
marco_alfano,Marco,Alfano,marco.alfano@email.it
lisa_guida,Lisa,Guida,lisa.guida@email.it
flavio_pisano,Flavio,Pisano,flavio.pisano@email.it
giorgio_rosati,Giorgio,Rosati,giorgio.rosati@email.it
giulia_gentile,Giulia,Gentile,giulia.gentile@email.it
flavio_fabbri,Flavio,Fabbri,flavio.fabbri@email.it
anna_ferrara,Anna,Ferrara,anna.ferrara@email.it
noemi_de_marco,Noemi,De Marco,noemi.demarco@email.it
emanuele_amato,Emanuele,Amato,emanuele.amato@email.it
ivan_de_luca,Ivan,De Luca,ivan.deluca@email.it
laura_angeli,Laura,Angeli,laura.angeli@email.it
ivan_de_rosa,Ivan,De Rosa,ivan.derosa@email.it
emanuele_grassi,Emanuele,Grassi,emanuele.grassi@email.it
federica_sanna,Federica,Sanna,federica.sanna@email.it
claudia_guida,Claudia,Guida,claudia.guida@email.it
giulia_biffi,Giulia,Biffi,giulia.biffi@email.it
ernesto_riva,Ernesto,Riva,ernesto.riva@email.it
laura_tozzi,Laura,Tozzi,laura.tozzi@email.it
claudia_napoli,Claudia,Napoli,claudia.napoli@email.it
elena_grassi,Elena,Grassi,elena.grassi@email.it
francesco_quaranta,Francesco,Quaranta,francesco.quaranta@email.it
nicola_quaranta,Nicola,Quaranta,nicola.quaranta@email.it
davide_fabbri,Davide,Fabbri,davide.fabbri@email.it
serena_colombi,Serena,Colombi,serena.colombi@email.it
laura_fazio,Laura,Fazio,laura.fazio@email.it
martina_tozzi,Martina,Tozzi,martina.tozzi@email.it
francesco_pagano,Francesco,Pagano,francesco.pagano@email.it
roberta_sanna2,Roberta,Sanna,roberta.sanna@email.it
sofia_longo,Sofia,Longo,sofia.longo@email.it
jessica_colombi,Jessica,Colombi,jessica.colombi@email.it
luca_rinaldo,Luca,Rinaldo,luca.rinaldo@email.it
giorgio_napoli,Giorgio,Napoli,giorgio.napoli@email.it
giada_amato,Giada,Amato,giada.amato@email.it
sara_colombi,Sara,Colombi,sara.colombi@email.it
matteo_guida,Matteo,Guida,matteo.guida@email.it
cinzia_fazio,Cinzia,Fazio,cinzia.fazio@email.it
federica_poli,Federica,Poli,federica.poli@email.it
katia_monti,Katia,Monti,katia.monti@email.it
alessio_angeli,Alessio,Angeli,alessio.angeli@email.it
federica_pisano,Federica,Pisano,federica.pisano@email.it
francesca_milani,Francesca,Milani,francesca.milani@email.it
